{
    "zero_reference_coords": [
        645.9146728515625,
        359.0
    ],
    "calibration_data": [
        [
            0.0,
            0.0
        ],
        [
            1.0,
            -1.1353759765625
        ],
        [
            2.0,
            -3.0926513671875
        ],
        [
            3.0,
            -4.11187744140625
        ],
        [
            4.0,
            -5.87640380859375
        ],
        [
            5.0,
            -7.08062744140625
        ],
        [
            6.0,
            -7.20977783203125
        ],
        [
            7.0,
            -7.97698974609375
        ],
        [
            8.0,
            -8.7685546875
        ],
        [
            9.0,
            -6.2181396484375
        ],
        [
            10.0,
            -8.4234619140625
        ],
        [
            11.0,
            -9.496826171875
        ],
        [
            12.0,
            -9.7086181640625
        ],
        [
            13.0,
            -11.69903564453125
        ],
        [
            14.0,
            -12.368896484375
        ],
        [
            15.0,
            -13.33526611328125
        ],
        [
            16.0,
            -16.4219970703125
        ],
        [
            17.0,
            -18.0032958984375
        ],
        [
            18.0,
            -19.24041748046875
        ],
        [
            19.0,
            -19.9315185546875
        ],
        [
            20.0,
            -19.7205810546875
        ],
        [
            21.0,
            -29.67572021484375
        ],
        [
            22.0,
            -30.2586669921875
        ],
        [
            23.0,
            -33.038818359375
        ],
        [
            24.0,
            -33.96527099609375
        ],
        [
            25.0,
            -36.642822265625
        ],
        [
            26.0,
            -37.91619873046875
        ],
        [
            27.0,
            -38.7623291015625
        ],
        [
            28.0,
            -40.73931884765625
        ],
        [
            29.0,
            -41.75469970703125
        ],
        [
            30.0,
            -41.75677490234375
        ]
    ],
    "robot_initial_position": [
        30.0,
        410.0,
        343.112,
        180.0,
        0.0,
        0.0
    ],
    "polynomial": {
        "coefficients": [
            0.0,
            -0.14755817096856236,
            0.19112961943250512,
            0.012862291233538865,
            0.00031736956040641275,
            2.668065713029577e-06
        ],
        "intercept": 0.15137694213554198,
        "degree": 5,
        "mse": 10.151644026378708
    }
}