{
    "zero_reference_coords": [
        643.1122992844471,
        360.0
    ],
    "calibration_data": [
        [
            0,
            0.0
        ],
        [
            0.5,
            -1.0360603967723137
        ],
        [
            1.0,
            -0.5881860338158731
        ],
        [
            1.5,
            -2.5049469765018557
        ],
        [
            2.0,
            -2.938445136544601
        ],
        [
            2.5,
            -2.8375049476879894
        ],
        [
            3.0,
            -3.005050006997294
        ],
        [
            3.5,
            -4.07862127489534
        ],
        [
            4.0,
            -4.680598388366889
        ],
        [
            4.5,
            -4.686850978756183
        ],
        [
            5.0,
            -6.401460101155521
        ],
        [
            5.5,
            -5.556595068710635
        ],
        [
            6.0,
            -6.4336009694985705
        ],
        [
            6.5,
            -6.817376251611108
        ],
        [
            7.0,
            -7.577835071279537
        ],
        [
            7.5,
            -7.43376859254704
        ],
        [
            8.0,
            -8.897815823675728
        ],
        [
            8.5,
            -9.439829564276465
        ],
        [
            9.0,
            -9.60610569585242
        ],
        [
            9.5,
            -10.067291370610747
        ],
        [
            10.0,
            -9.726640539812138
        ],
        [
            10.5,
            -11.0830501367941
        ],
        [
            11.0,
            -12.297398531460544
        ],
        [
            11.5,
            -12.972972662633993
        ],
        [
            12.0,
            -13.10588904669521
        ],
        [
            12.5,
            -13.288520654006106
        ],
        [
            13.0,
            -14.270713510732662
        ],
        [
            13.5,
            -14.44989635390209
        ],
        [
            14.0,
            -15.555229999636595
        ],
        [
            14.5,
            -15.62546083831046
        ],
        [
            15.0,
            -15.969413529711005
        ]
    ],
    "robot_initial_position": [
        30,
        410,
        343.112,
        180,
        0,
        0
    ],
    "polynomial": {
        "coefficients": [
            0.0,
            -0.4112854315600461,
            0.16921202186289713,
            0.02243362262026593,
            0.0016664154218971974,
            7.777891786469454e-05,
            1.732121237774109e-06
        ],
        "intercept": 0.18358695561924065,
        "degree": 6,
        "r2": 0.9930627848903696
    }
}