{
    "zero_reference_coords": [
        643.7838134765625,
        360.0
    ],
    "calibration_data": [
        [
            0.0,
            0.0
        ],
        [
            1.0,
            -1.73602294921875
        ],
        [
            2.0,
            -2.752197265625
        ],
        [
            3.0,
            -6.02227783203125
        ],
        [
            4.0,
            -5.89801025390625
        ],
        [
            5.0,
            -6.06689453125
        ],
        [
            6.0,
            -8.54327392578125
        ],
        [
            7.0,
            -9.452880859375
        ],
        [
            8.0,
            -9.66217041015625
        ],
        [
            9.0,
            -11.58404541015625
        ],
        [
            10.0,
            -10.8519287109375
        ],
        [
            11.0,
            -13.48199462890625
        ],
        [
            12.0,
            -15.034423828125
        ],
        [
            13.0,
            -16.89013671875
        ],
        [
            14.0,
            -17.83233642578125
        ],
        [
            15.0,
            -18.7359619140625
        ],
        [
            16.0,
            -20.476806640625
        ],
        [
            17.0,
            -21.599365234375
        ],
        [
            18.0,
            -22.48699951171875
        ],
        [
            19.0,
            -23.56573486328125
        ],
        [
            20.0,
            -25.0299072265625
        ],
        [
            21.0,
            -30.20159912109375
        ],
        [
            22.0,
            -30.8028564453125
        ],
        [
            23.0,
            -31.9510498046875
        ],
        [
            24.0,
            -33.62078857421875
        ],
        [
            25.0,
            -34.09173583984375
        ],
        [
            26.0,
            -35.362060546875
        ],
        [
            27.0,
            -37.107421875
        ],
        [
            28.0,
            -37.2667236328125
        ],
        [
            29.0,
            -37.66864013671875
        ],
        [
            30.0,
            -39.60516357421875
        ]
    ],
    "robot_initial_position": [
        30.0,
        410.0,
        343.112,
        180.0,
        0.0,
        0.0
    ],
    "polynomial": {
        "coefficients": [
            0.0,
            -0.7370438908408505
        ],
        "intercept": 0.36893200603104326,
        "degree": 1,
        "mse": 1.294703174669171
    }
}