{
    "zero_reference_coords": [
        641.7621459960938,
        360.0
    ],
    "calibration_data": [
        [
            0.0,
            0.0
        ],
        [
            1.0,
            -0.9847412109375
        ],
        [
            2.0,
            -2.02337646484375
        ],
        [
            3.0,
            -3.2454833984375
        ],
        [
            4.0,
            -4.2847900390625
        ],
        [
            5.0,
            -5.40081787109375
        ],
        [
            6.0,
            -6.544921875
        ],
        [
            7.0,
            -7.6119384765625
        ],
        [
            8.0,
            -8.68914794921875
        ],
        [
            9.0,
            -9.95263671875
        ],
        [
            10.0,
            -10.90185546875
        ],
        [
            11.0,
            -12.02227783203125
        ],
        [
            12.0,
            -13.22900390625
        ],
        [
            13.0,
            -14.1529541015625
        ],
        [
            14.0,
            -15.53240966796875
        ],
        [
            15.0,
            -16.599853515625
        ],
        [
            16.0,
            -17.619384765625
        ],
        [
            17.0,
            -18.85418701171875
        ],
        [
            18.0,
            -20.0416259765625
        ],
        [
            19.0,
            -21.18505859375
        ],
        [
            20.0,
            -22.204345703125
        ],
        [
            21.0,
            -23.63323974609375
        ],
        [
            22.0,
            -24.7811279296875
        ],
        [
            23.0,
            -25.93768310546875
        ],
        [
            24.0,
            -27.03125
        ],
        [
            25.0,
            -28.2706298828125
        ],
        [
            26.0,
            -29.37261962890625
        ],
        [
            27.0,
            -30.79229736328125
        ],
        [
            28.0,
            -31.83203125
        ],
        [
            29.0,
            -33.11016845703125
        ],
        [
            30.0,
            -34.31231689453125
        ],
        [
            31.0,
            -35.55706787109375
        ],
        [
            32.0,
            -36.76739501953125
        ],
        [
            33.0,
            -37.92144775390625
        ],
        [
            34.0,
            -39.31182861328125
        ],
        [
            35.0,
            -40.6314697265625
        ],
        [
            36.0,
            -41.908935546875
        ],
        [
            37.0,
            -43.0457763671875
        ],
        [
            38.0,
            -44.23193359375
        ],
        [
            39.0,
            -45.48565673828125
        ],
        [
            40.0,
            -46.86248779296875
        ],
        [
            41.0,
            -47.9234619140625
        ],
        [
            42.0,
            -49.366943359375
        ],
        [
            43.0,
            -50.5269775390625
        ],
        [
            44.0,
            -51.98919677734375
        ],
        [
            45.0,
            -53.27398681640625
        ],
        [
            46.0,
            -54.47955322265625
        ],
        [
            47.0,
            -55.67120361328125
        ],
        [
            48.0,
            -57.1171875
        ],
        [
            49.0,
            -58.25128173828125
        ],
        [
            50.0,
            -59.6561279296875
        ]
    ],
    "robot_initial_position": [
        30.0,
        410.0,
        343.112,
        180.0,
        0.0,
        0.0
    ],
    "polynomial": {
        "coefficients": [
            0.0,
            -0.9257752034471858,
            -0.001210706562204845,
            1.7136091429705014e-05,
            2.1405445504996123e-07
        ],
        "intercept": 0.04545379010061623,
        "degree": 4,
        "mse": 0.009241529061418365
    }
}